match_1,match_2,match_3,name
0.7777777777777778,0.9444444444444444,0.9444444444444444,5111111
0.9444444444444444,1.0,1.0,abcs
0.5319148936170213,0.7021276595744681,0.7872340425531915,BASE
0.48936170212765956,0.574468085106383,0.723404255319149,Bert
0.7659574468085106,0.8723404255319149,0.9148936170212766,Bm25
0.6170212765957447,0.8085106382978723,0.851063829787234,CommandSmooth
0.5869565217391305,0.6956521739130435,0.717391304347826,Google
